id,rn,pre_since_opened,pre_since_confirmed,pre_pterm,pre_fterm,pre_till_pclose,pre_till_fclose,pre_loans_credit_limit,pre_loans_next_pay_summ,pre_loans_outstanding,pre_loans_total_overdue,pre_loans_max_overdue_sum,pre_loans_credit_cost_rate,pre_loans5,pre_loans530,pre_loans3060,pre_loans6090,pre_loans90,is_zero_loans5,is_zero_loans530,is_zero_loans3060,is_zero_loans6090,is_zero_loans90,pre_util,pre_over2limit,pre_maxover2limit,is_zero_util,is_zero_over2limit,is_zero_maxover2limit,enc_paym_0,enc_paym_1,enc_paym_2,enc_paym_3,enc_paym_4,enc_paym_5,enc_paym_6,enc_paym_7,enc_paym_8,enc_paym_9,enc_paym_10,enc_paym_11,enc_paym_12,enc_paym_13,enc_paym_14,enc_paym_15,enc_paym_16,enc_paym_17,enc_paym_18,enc_paym_19,enc_paym_20,enc_paym_21,enc_paym_22,enc_paym_23,enc_paym_24,enc_loans_account_holder_type,enc_loans_credit_status,enc_loans_credit_type,enc_loans_account_cur,pclose_flag,fclose_flag
3000000,1,11,5,17,14,12,11,3,2,3,0,2,2,6,16,5,4,8,1,0,1,1,1,16,2,17,1,1,1,0,0,0,0,1,0,0,0,0,0,0,1,0,0,0,0,0,3,3,3,4,3,3,3,4,1,3,4,1,0,0
3000000,2,19,16,15,9,12,11,16,3,2,0,2,8,6,16,5,4,8,1,1,1,1,1,15,2,17,0,1,1,0,0,0,0,3,3,3,3,3,3,3,4,3,3,3,3,3,3,3,3,4,3,3,3,4,1,2,4,1,0,0
3000001,1,16,17,8,5,4,9,5,2,3,0,2,4,6,16,5,4,8,1,0,0,1,1,16,2,17,1,1,1,0,2,1,0,1,0,0,3,3,3,3,4,3,3,3,3,3,3,3,3,4,3,3,3,4,1,3,4,1,0,0
3000001,2,16,7,9,0,4,9,1,2,3,0,2,4,6,16,5,4,8,1,0,0,1,1,16,2,17,1,1,1,0,2,1,2,2,2,2,1,0,0,0,4,3,3,3,3,3,3,3,3,4,3,3,3,4,1,3,4,1,0,0
3000001,3,10,0,14,7,11,12,2,2,3,0,2,4,3,16,5,4,8,0,1,0,0,1,16,2,17,1,1,1,0,0,1,1,1,1,1,1,3,2,1,2,1,1,1,1,1,1,0,1,2,1,1,0,2,1,3,4,1,0,0
3000001,4,10,16,6,8,10,11,2,0,1,0,2,4,6,16,5,4,8,0,1,0,1,1,2,2,17,0,1,1,0,0,1,0,0,0,0,0,0,0,0,1,0,0,0,0,0,1,0,0,1,0,0,0,1,1,2,0,1,0,1
3000001,5,0,9,7,6,13,3,11,5,3,0,1,5,6,16,5,4,8,1,0,1,1,1,16,2,0,1,1,0,0,1,1,1,1,0,0,3,3,3,3,4,3,3,3,3,3,3,3,3,4,3,3,3,4,1,3,4,1,0,0
3000001,6,13,0,14,7,7,15,15,2,3,0,2,4,5,16,5,4,8,0,1,0,1,1,16,2,17,1,1,1,1,1,1,0,1,1,1,1,1,1,0,1,0,1,1,1,1,1,1,1,1,1,0,1,2,1,3,4,1,0,0
3000001,7,18,9,15,9,5,7,1,1,3,0,1,0,6,16,5,4,8,1,0,1,1,1,16,2,3,1,1,0,0,0,0,0,0,0,0,0,0,0,0,2,3,3,3,3,3,3,3,3,4,3,3,3,4,1,3,4,1,0,0
3000001,8,5,11,7,6,16,12,9,2,3,0,1,7,6,16,5,4,8,1,0,0,1,1,16,2,15,1,1,0,1,2,1,1,0,0,3,3,3,3,3,4,3,3,3,3,3,3,3,3,4,3,3,3,4,1,3,5,1,0,0
3000001,9,11,9,4,8,1,11,17,2,3,0,1,2,6,16,5,4,8,1,0,1,1,1,16,2,3,1,1,0,0,0,0,0,0,0,0,0,0,0,0,1,0,1,0,1,0,0,0,0,1,0,3,3,4,1,2,4,1,1,1
3000001,10,9,9,4,8,1,11,8,3,2,0,2,9,6,16,5,4,8,1,1,1,1,1,1,2,17,0,1,1,0,0,0,0,0,0,0,0,3,3,3,4,3,3,3,3,3,3,3,3,4,3,3,3,4,1,2,3,1,1,1
3000002,1,18,17,16,9,5,7,5,2,3,0,2,5,6,16,5,4,8,1,1,1,1,1,16,2,17,1,1,1,0,0,0,0,0,0,0,0,0,0,0,1,0,3,3,3,3,3,3,3,4,3,3,3,4,1,3,4,1,0,0
3000002,2,5,11,12,15,11,0,1,2,3,0,2,7,6,16,5,4,8,1,0,1,1,1,16,2,17,1,1,1,0,1,0,0,0,0,0,3,3,3,3,4,3,3,3,3,3,3,3,3,4,3,3,3,4,1,3,4,1,0,0
3000002,3,1,9,6,1,0,4,10,2,3,0,2,2,6,16,5,4,8,1,1,1,1,1,4,2,17,0,1,1,0,0,0,0,0,0,0,0,0,0,0,1,0,0,3,3,3,3,3,3,4,3,3,3,4,1,2,3,1,0,0
3000002,4,9,13,4,8,2,6,8,2,3,0,2,8,6,16,5,4,8,1,1,1,1,1,16,2,17,1,1,1,0,3,3,3,3,3,3,3,3,3,3,4,3,3,3,3,3,3,3,3,4,3,3,3,4,1,3,4,1,0,0
3000003,1,5,12,12,10,15,14,10,2,3,0,2,1,6,16,5,4,8,1,1,1,1,1,16,2,17,1,1,1,0,0,0,0,0,0,0,0,0,0,0,1,3,3,3,3,3,3,3,3,4,3,3,3,4,1,3,4,1,0,0
3000003,2,5,8,4,3,5,7,5,2,3,0,2,6,6,16,5,4,8,1,1,1,1,1,16,2,17,1,1,1,0,3,3,3,3,3,3,3,3,3,3,4,3,3,3,3,3,3,3,3,4,3,3,3,4,1,3,5,1,0,0
3000003,3,3,11,4,8,16,12,5,2,3,0,2,6,6,16,5,4,8,1,1,1,1,1,16,2,17,1,1,1,3,3,3,3,3,3,3,3,3,3,3,4,3,3,3,3,3,3,3,3,4,3,3,3,4,1,3,5,1,0,0
3000003,4,3,9,12,13,7,8,11,2,3,0,2,11,6,16,5,4,8,1,1,1,1,1,16,2,17,1,1,1,0,0,0,0,0,0,0,0,0,0,0,1,0,0,0,0,0,0,0,0,1,0,0,0,4,1,3,4,1,0,0
3000003,5,2,13,8,11,15,14,10,2,3,0,2,2,6,16,5,4,8,1,1,1,1,1,16,2,17,1,1,1,0,0,0,0,0,0,0,3,3,3,3,4,3,3,3,3,3,3,3,3,4,3,3,3,4,1,3,4,1,0,0
3000003,6,9,16,4,8,1,11,8,6,3,0,2,2,6,16,5,4,8,1,1,1,1,1,16,2,17,0,1,1,0,0,0,0,0,0,0,0,0,0,3,4,3,3,3,3,3,3,3,3,4,3,3,3,4,1,2,3,1,1,1
3000003,7,19,16,6,5,0,15,14,2,3,0,2,1,6,16,5,4,8,1,1,1,1,1,9,5,4,0,0,0,0,0,0,3,3,3,3,3,3,3,3,4,3,3,3,3,3,3,3,3,4,3,3,3,4,1,3,3,1,0,0
3000003,8,12,16,6,8,0,11,1,2,3,0,2,1,6,16,5,4,8,1,1,1,1,1,16,2,17,1,1,1,0,3,3,3,3,3,3,3,3,3,3,4,3,3,3,3,3,3,3,3,4,3,3,3,4,1,2,3,1,0,1
3000003,9,12,9,3,1,7,4,14,2,3,0,2,1,6,16,5,4,8,1,1,1,1,1,9,5,4,0,0,0,0,0,0,3,3,3,3,3,3,3,3,4,3,3,3,3,3,3,3,3,4,3,3,3,4,1,3,3,1,0,0
3000004,1,8,7,15,9,4,9,6,2,3,0,2,2,6,16,5,4,8,1,1,1,1,1,16,2,17,1,1,1,0,0,0,0,0,0,0,0,0,0,0,1,3,3,3,3,3,3,3,3,4,3,3,3,4,1,3,4,1,0,0
3000004,2,8,17,9,12,9,1,5,2,3,0,2,2,6,16,5,4,8,1,1,1,1,1,16,2,17,1,1,1,0,0,0,0,0,0,0,0,0,0,0,1,0,3,3,3,3,3,3,3,4,3,3,3,4,1,3,4,1,0,0
3000004,3,15,6,2,15,9,1,3,6,3,0,2,2,6,16,5,4,8,1,1,1,1,1,16,2,17,1,1,1,0,0,0,0,0,0,0,0,0,0,0,1,0,0,0,0,0,3,3,3,4,3,3,3,4,1,3,4,1,0,0
3000004,4,15,4,1,15,6,1,3,2,3,0,2,2,6,16,5,4,8,1,1,1,1,1,16,2,17,1,1,1,0,0,0,0,0,0,0,3,3,3,3,4,3,3,3,3,3,3,3,3,4,3,3,3,4,1,3,4,1,0,0
3000004,5,15,6,4,1,1,7,3,6,3,0,2,7,6,16,5,4,8,1,1,1,1,1,16,2,17,1,1,1,3,3,3,3,3,3,3,3,3,3,3,4,3,3,3,3,3,3,3,3,4,3,3,3,4,1,3,3,1,1,0
3000004,6,15,14,17,2,6,1,14,2,3,0,2,3,6,16,5,4,8,1,1,1,1,1,9,5,4,0,0,0,0,0,0,3,3,3,3,3,3,3,3,4,3,3,3,3,3,3,3,3,4,3,3,3,4,1,3,3,1,0,0
3000004,7,15,7,1,6,13,1,3,5,3,0,2,2,6,16,5,4,8,1,1,1,1,1,16,2,17,1,1,1,0,0,0,0,0,3,3,3,3,3,3,4,3,3,3,3,3,3,3,3,4,3,3,3,4,1,3,4,1,0,0
3000004,8,14,8,11,13,3,10,14,2,3,0,2,3,6,16,5,4,8,1,1,1,1,1,9,5,4,0,0,0,0,0,0,0,0,0,0,0,0,0,0,1,0,0,0,0,0,0,0,0,1,0,0,0,1,1,3,3,1,0,0
3000004,9,0,0,0,8,14,11,15,1,5,0,2,11,6,16,5,4,8,0,1,0,1,1,8,2,17,0,1,1,0,0,0,0,0,0,0,0,0,1,0,1,0,1,0,2,2,2,0,0,1,0,0,2,2,1,2,0,1,0,1
3000004,10,6,14,3,5,3,5,18,2,3,0,2,2,6,16,5,4,8,1,1,1,1,1,16,2,17,1,1,1,0,0,0,0,3,3,3,3,3,3,3,4,3,3,3,3,3,3,3,3,4,3,3,3,4,1,3,5,1,0,0
3000004,11,6,8,14,12,12,10,1,2,3,0,2,3,6,16,5,4,8,1,1,1,1,1,16,2,17,1,1,1,0,0,0,0,0,0,0,0,0,0,0,1,0,3,3,3,3,3,3,3,4,3,3,3,4,1,3,4,1,0,0
3000004,12,18,14,3,5,3,10,18,2,3,0,2,2,6,16,5,4,8,1,1,1,1,1,16,2,17,1,1,1,0,0,0,0,3,3,3,3,3,3,3,4,3,3,3,3,3,3,3,3,4,3,3,3,4,1,3,5,1,0,0
3000004,13,18,8,11,2,7,10,12,2,3,0,2,3,6,16,5,4,8,1,1,1,1,1,16,2,17,1,1,1,0,0,0,0,0,0,0,0,0,3,3,4,3,3,3,3,3,3,3,3,4,3,3,3,4,1,3,4,1,0,0
3000004,14,18,8,8,11,3,10,5,2,3,0,2,9,6,16,5,4,8,1,0,1,1,1,16,2,17,1,1,1,0,0,0,1,3,3,3,3,3,3,3,4,3,3,3,3,3,3,3,3,4,3,3,3,4,1,3,4,1,0,0
3000004,15,4,8,13,0,5,7,5,2,3,0,2,5,6,16,5,4,8,1,1,1,1,1,16,2,17,1,1,1,0,0,0,0,0,0,0,0,0,0,0,4,3,3,3,3,3,3,3,3,4,3,3,3,4,1,3,4,1,0,0
3000004,16,4,16,11,8,12,11,16,6,4,0,2,3,6,16,5,4,8,0,1,1,1,1,13,2,17,0,1,1,0,0,0,0,0,0,0,0,0,0,0,1,0,0,0,0,0,0,0,0,1,0,0,0,1,1,2,4,1,0,1
3000004,17,5,1,17,14,2,15,1,2,3,0,2,13,6,16,5,4,8,1,1,1,1,1,16,2,17,1,1,1,0,0,0,0,0,0,0,0,0,0,0,1,0,0,0,0,0,0,0,0,1,0,0,0,1,1,3,4,1,0,0
3000004,18,11,17,3,5,11,0,18,2,3,0,2,10,6,16,5,4,8,1,1,1,1,1,16,2,17,1,1,1,0,0,0,3,3,3,3,3,3,3,3,4,3,3,3,3,3,3,3,3,4,3,3,3,4,1,3,5,1,0,0
3000004,19,2,2,11,8,14,11,17,6,2,0,2,13,6,16,5,4,8,1,1,1,1,1,1,2,17,0,1,1,0,0,0,0,0,0,0,0,0,0,0,1,0,0,0,0,3,3,3,3,4,3,3,3,4,1,2,4,1,0,1
3000004,20,2,5,16,9,2,15,13,2,3,0,2,3,6,16,5,4,8,1,1,1,1,1,16,2,17,1,1,1,0,0,0,0,0,0,0,0,0,0,0,1,0,3,3,3,3,3,3,3,4,3,3,3,4,1,3,4,1,0,0
3000004,21,1,16,14,8,10,11,16,6,2,0,2,8,6,16,5,4,8,1,1,1,1,1,11,2,17,0,1,1,0,0,0,0,0,0,0,0,0,0,0,1,0,3,3,3,3,3,3,3,4,3,3,3,4,1,2,4,1,0,1
3000005,1,13,6,4,6,1,3,12,2,3,0,3,9,6,16,5,4,8,1,0,1,1,1,16,2,17,1,1,0,0,1,0,0,0,0,0,3,3,3,3,4,3,3,3,3,3,3,3,3,4,3,3,3,4,1,3,4,1,1,0
3000005,2,17,12,16,9,11,0,19,2,3,0,2,1,6,16,5,4,8,1,1,1,1,1,16,2,17,1,1,1,0,0,0,0,0,3,3,3,3,3,3,4,3,3,3,3,3,3,3,3,4,3,3,3,4,1,3,4,1,0,0
3000005,3,2,9,6,1,0,4,8,2,3,0,2,2,6,16,5,4,8,1,1,1,1,1,16,2,17,1,1,1,0,0,0,0,0,0,0,0,0,0,0,1,0,0,0,0,3,3,3,3,4,3,3,3,4,1,2,3,1,0,0
3000005,4,2,13,2,8,12,11,17,2,3,0,2,0,6,16,5,4,8,1,1,1,1,1,16,2,17,1,1,1,0,0,3,3,3,3,3,3,3,3,3,4,3,3,3,3,3,3,3,3,4,3,3,3,4,1,3,3,1,0,1
3000005,5,2,13,11,8,8,11,0,2,3,0,2,0,6,16,5,4,8,1,1,1,1,1,16,2,17,1,1,1,0,0,0,0,0,0,3,3,3,3,3,4,3,3,3,3,3,3,3,3,4,3,3,3,4,1,3,3,1,0,1
3000005,6,7,9,11,16,14,8,16,2,3,0,2,1,6,16,5,4,8,1,1,1,1,1,16,2,17,0,1,1,0,0,0,0,0,0,0,0,3,3,3,4,3,3,3,3,3,3,3,3,4,3,3,3,4,1,2,3,1,0,0
3000005,7,19,16,10,13,10,4,10,4,3,0,2,2,6,16,5,4,8,1,1,1,1,1,5,2,17,0,1,1,0,0,0,0,3,3,3,3,3,3,3,4,3,3,3,3,3,3,3,3,4,3,3,3,4,1,2,3,1,0,0
3000005,8,12,9,0,1,0,4,3,2,3,0,2,7,6,16,5,4,8,1,1,1,1,1,8,2,17,0,1,1,0,3,3,3,3,3,3,3,3,3,3,4,3,3,3,3,3,3,3,3,4,3,3,3,4,1,2,3,1,0,0
3000006,1,16,4,15,12,4,9,0,2,3,0,2,2,6,16,5,4,8,1,1,1,1,1,16,2,17,1,1,1,0,0,0,0,0,0,0,0,0,0,3,4,3,3,3,3,3,3,3,3,4,3,3,3,4,1,3,4,1,0,0
3000006,2,8,7,14,16,13,1,0,2,3,0,2,2,6,16,5,4,8,1,1,1,1,1,16,2,17,1,1,1,0,0,0,0,0,0,0,0,0,0,0,1,0,0,0,3,3,3,3,3,4,3,3,3,4,1,3,4,1,0,0
3000006,3,15,7,14,15,3,13,2,2,3,0,2,2,6,16,5,4,8,1,1,1,1,1,16,2,17,1,1,1,0,0,0,0,0,0,0,0,0,0,0,1,0,3,3,3,3,3,3,3,4,3,3,3,4,1,3,4,1,0,0
3000006,4,10,4,15,8,6,13,2,2,3,0,2,2,6,16,5,4,8,1,1,1,1,1,16,2,17,1,1,1,3,3,3,3,3,3,3,3,3,3,3,4,3,3,3,3,3,3,3,3,4,3,3,3,4,1,3,0,1,0,0
3000006,5,10,4,17,14,13,5,19,2,3,0,2,2,6,16,5,4,8,1,1,1,1,1,16,2,17,1,1,1,0,0,0,0,0,0,0,0,0,0,0,1,0,0,0,0,0,0,0,3,4,3,3,3,4,1,3,3,1,0,0
3000006,6,10,14,17,16,3,5,15,5,3,0,2,13,6,16,5,4,8,1,1,1,1,1,16,2,17,1,1,1,0,0,0,0,0,0,0,0,0,0,0,1,0,0,0,0,0,0,0,0,1,0,0,0,1,1,3,4,1,0,0
3000006,7,10,4,15,12,13,3,2,2,3,0,2,2,6,16,5,4,8,1,1,1,1,1,16,2,17,1,1,1,0,0,0,0,0,0,0,0,0,3,3,4,3,3,3,3,3,3,3,3,4,3,3,3,4,6,3,0,1,0,0
3000006,8,0,14,15,12,13,5,2,5,3,0,2,11,6,16,5,4,8,1,1,1,1,1,16,2,17,1,1,1,0,0,0,0,0,0,0,0,0,0,0,1,0,3,3,3,3,3,3,3,4,3,3,3,4,1,3,2,1,0,0
3000006,9,13,14,15,12,13,5,15,5,3,0,2,8,6,16,5,4,8,1,1,1,1,1,16,2,17,1,1,1,0,0,0,0,0,0,0,0,0,0,0,1,0,3,3,3,3,3,3,3,4,3,3,3,4,6,3,0,1,0,0
3000006,10,6,8,15,9,3,10,2,2,3,0,2,3,6,16,5,4,8,1,1,1,1,1,16,2,17,1,1,1,0,0,0,0,0,0,0,0,0,0,0,1,0,3,3,3,3,3,3,3,4,3,3,3,4,6,3,0,1,0,0
3000006,11,18,8,7,6,3,10,10,2,3,0,2,9,6,16,5,4,8,1,1,1,1,1,16,2,17,1,1,1,0,0,0,0,0,0,0,0,3,3,3,4,3,3,3,3,3,3,3,3,4,3,3,3,4,1,3,4,1,0,0
3000006,12,4,11,15,12,16,7,2,2,3,0,2,8,6,16,5,4,8,1,1,1,1,1,16,2,17,1,1,1,0,0,0,0,0,0,0,0,0,0,0,1,0,3,3,3,3,3,3,3,4,3,3,3,4,6,3,0,1,0,0
3000006,13,4,6,11,8,8,11,16,2,3,0,2,7,6,16,5,4,8,1,1,1,1,1,16,2,17,1,1,1,0,0,0,0,0,0,0,0,0,0,0,1,0,0,0,0,0,0,0,0,1,0,0,0,1,1,2,3,1,0,1
3000006,14,4,5,17,16,7,15,14,2,3,0,2,0,6,16,5,4,8,1,1,1,1,1,16,2,17,1,1,1,0,0,0,0,0,0,0,0,0,0,0,1,0,0,0,0,0,0,0,0,1,0,0,0,1,6,3,0,1,0,0
3000006,15,17,16,17,16,12,11,2,2,3,0,2,11,6,16,5,4,8,1,1,1,1,1,16,2,17,1,1,1,0,0,0,0,0,0,0,0,0,0,0,1,0,0,0,0,0,0,0,0,1,0,0,0,1,1,3,4,1,0,0
3000006,16,2,0,2,10,12,11,0,2,3,0,2,13,6,16,5,4,8,1,1,1,1,1,16,2,17,1,1,1,0,0,0,0,0,0,0,0,0,0,0,1,0,0,0,3,3,3,3,3,4,3,3,3,4,1,3,4,1,0,0
3000006,17,2,2,4,8,1,11,17,2,3,0,2,0,6,16,5,4,8,1,1,1,1,1,16,2,17,1,1,1,0,0,0,0,0,0,0,0,0,0,0,1,0,0,0,3,3,3,3,3,4,3,3,3,4,1,2,3,1,1,1
3000006,18,12,6,15,12,12,11,0,2,3,0,2,3,6,16,5,4,8,1,1,1,1,1,16,2,17,1,1,1,0,0,3,3,3,3,3,3,3,3,3,4,3,3,3,3,3,3,3,3,4,3,3,3,4,6,2,6,1,0,0
3000006,19,12,6,12,10,8,8,2,5,1,0,2,11,6,16,5,4,8,1,1,1,1,1,6,2,17,0,1,1,0,3,3,3,3,3,3,3,3,3,3,4,3,3,3,3,3,3,3,3,4,3,3,3,4,6,2,0,1,0,0
3000007,1,8,4,6,13,0,3,11,2,3,0,2,2,6,16,5,4,8,1,1,1,1,1,16,2,17,1,1,1,0,0,0,0,0,0,0,0,0,0,0,1,0,0,0,0,0,0,0,0,1,0,0,0,1,1,3,3,1,0,0
3000007,2,8,4,6,7,0,3,15,2,3,0,2,2,6,16,5,4,8,1,1,1,1,1,16,2,17,1,1,1,0,0,0,0,0,0,0,0,0,0,0,1,0,0,0,0,0,0,0,0,1,0,0,0,1,1,3,3,1,0,0
3000007,3,8,7,2,15,9,1,15,2,3,0,2,2,6,16,5,4,8,1,1,1,1,1,16,2,17,1,1,1,0,0,0,0,0,0,0,3,3,3,3,4,3,3,3,3,3,3,3,3,4,3,3,3,4,1,3,4,1,0,0
3000007,4,14,7,2,0,6,13,15,2,3,0,2,2,6,16,5,4,8,1,1,1,1,1,16,2,17,1,1,1,0,0,0,0,0,0,0,0,0,0,3,4,3,3,3,3,3,3,3,3,4,3,3,3,4,1,3,4,1,0,0
3000007,5,6,14,9,12,3,10,17,2,3,0,2,2,6,16,5,4,8,1,1,1,1,1,16,2,17,1,1,1,0,0,0,3,3,3,3,3,3,3,3,4,3,3,3,3,3,3,3,3,4,3,3,3,4,1,3,3,1,0,0
3000007,6,6,0,4,13,1,2,14,2,3,0,2,2,6,16,5,4,8,0,1,1,1,1,9,5,4,0,0,0,0,0,0,0,0,0,0,0,0,0,0,1,0,0,0,0,0,0,0,0,1,0,1,0,1,1,3,3,1,1,0
3000007,7,5,11,8,11,16,12,14,2,3,0,2,3,6,16,5,4,8,1,1,1,1,1,16,2,17,1,1,1,0,0,0,0,0,0,3,3,3,3,3,4,3,3,3,3,3,3,3,3,4,3,3,3,4,1,3,4,1,0,0
3000007,8,5,17,12,15,11,0,14,2,3,0,2,2,6,16,5,4,8,1,1,1,1,1,9,5,4,0,0,0,0,0,0,0,0,3,3,3,3,3,3,4,3,3,3,3,3,3,3,3,4,3,3,3,4,1,3,3,1,0,0
3000007,9,5,17,12,15,11,0,19,2,3,0,2,2,6,16,5,4,8,1,1,1,1,1,16,2,17,1,1,1,0,0,0,0,0,0,0,3,3,3,3,4,3,3,3,3,3,3,3,3,4,3,3,3,4,1,3,3,1,0,0
3000007,10,2,3,7,6,15,14,14,2,3,0,2,2,6,16,5,4,8,1,1,1,1,1,9,5,4,0,0,0,0,0,0,0,0,0,0,3,3,3,3,4,3,3,3,3,3,3,3,3,4,3,3,3,4,1,3,3,1,0,0
3000007,11,2,3,7,6,15,14,16,2,3,0,2,2,6,16,5,4,8,1,1,1,1,1,16,2,17,1,1,1,0,0,0,0,0,0,0,0,3,3,3,4,3,3,3,3,3,3,3,3,4,3,3,3,4,1,3,3,1,0,0
3000007,12,2,17,16,9,2,15,0,2,3,0,2,13,6,16,5,4,8,1,1,1,1,1,16,2,17,1,1,1,0,0,0,3,3,3,3,3,3,3,3,4,3,3,3,3,3,3,3,3,4,3,3,3,4,1,3,4,1,0,0
3000007,13,2,1,9,1,2,4,2,2,3,0,2,13,6,16,5,4,8,1,0,1,1,1,16,2,17,1,1,1,0,0,0,1,0,0,0,0,0,0,0,1,3,3,3,3,3,3,3,3,4,3,3,3,4,1,3,2,1,0,0
3000007,14,1,1,4,8,1,11,14,2,3,0,2,2,6,16,5,4,8,1,1,1,1,1,9,5,4,0,0,0,0,0,0,3,3,3,3,3,3,3,3,4,3,3,3,3,3,3,3,3,4,3,3,3,4,1,2,6,1,1,1
3000007,15,1,6,4,9,1,2,11,3,3,0,2,9,6,16,5,4,8,1,1,1,1,1,16,2,17,1,1,1,0,0,0,0,0,0,0,0,0,0,0,1,3,3,3,3,3,3,3,3,4,3,3,3,4,1,3,3,1,1,0
3000007,16,1,5,13,2,2,15,15,2,3,0,2,3,6,16,5,4,8,1,1,1,1,1,16,2,17,1,1,1,0,0,0,0,0,0,0,0,0,3,3,4,3,3,3,3,3,3,3,3,4,3,3,3,4,1,3,4,1,0,0
3000007,17,19,0,3,5,7,2,11,2,3,0,2,7,6,16,5,4,8,1,1,1,1,1,16,2,17,1,1,1,0,0,0,3,3,3,3,3,3,3,3,4,3,3,3,3,3,3,3,3,4,3,3,3,4,1,3,3,1,0,0
3000007,18,19,6,4,5,1,2,11,4,3,0,2,5,6,16,5,4,8,1,1,1,1,1,16,2,17,1,1,1,0,0,3,3,3,3,3,3,3,3,3,4,3,3,3,3,3,3,3,3,4,3,3,3,4,1,3,3,1,1,0
3000008,1,16,7,14,7,9,1,0,2,3,0,2,2,6,16,5,4,8,1,0,1,1,1,16,2,17,1,1,1,0,1,0,0,0,0,0,0,1,1,0,1,0,0,0,0,0,0,0,0,1,0,0,0,4,1,3,2,1,0,0
3000008,2,8,7,1,16,6,13,7,2,3,0,2,2,6,16,5,4,8,1,1,1,1,1,16,2,17,1,1,1,0,0,0,0,0,0,0,0,0,0,0,1,0,0,0,0,3,3,3,3,4,3,3,3,4,1,3,4,1,0,0
3000008,3,15,17,13,0,9,1,5,2,3,0,2,2,6,16,5,4,8,1,0,1,1,1,16,2,17,1,1,1,0,1,1,1,1,1,0,0,0,0,0,4,3,3,3,3,3,3,3,3,4,3,3,3,4,1,3,4,1,0,0
3000008,4,15,4,1,16,13,3,14,2,3,0,2,2,6,16,5,4,8,1,0,1,1,1,16,2,17,1,1,1,0,0,0,0,1,0,0,1,0,0,0,1,0,0,0,0,0,0,0,0,1,0,0,0,1,1,3,4,1,0,0
3000008,5,14,4,17,16,13,5,14,2,3,0,2,2,6,16,5,4,8,1,0,1,1,1,16,2,17,1,1,1,0,0,0,0,0,0,1,0,0,0,0,1,0,0,0,0,0,0,0,0,1,0,0,0,1,1,3,4,1,0,0
3000008,6,14,4,15,8,6,11,7,2,3,0,2,2,6,16,5,4,8,1,1,1,1,1,16,2,17,1,1,1,0,0,0,0,0,0,0,0,0,0,0,1,0,0,0,0,0,0,0,0,1,0,0,0,1,1,3,3,1,0,1
3000008,7,10,17,9,12,13,3,6,2,3,0,2,10,6,16,5,4,8,1,0,1,1,1,16,2,17,1,1,1,0,0,0,0,1,0,0,1,0,0,0,1,0,3,3,3,3,3,3,3,4,3,3,3,4,1,3,4,1,0,0
3000008,8,0,12,9,12,13,5,19,2,3,0,2,4,6,16,5,4,8,1,0,1,1,1,16,2,17,1,1,1,0,0,0,1,1,1,0,0,0,1,1,1,0,3,3,3,3,3,3,3,4,3,3,3,4,1,3,4,1,0,0
3000008,9,13,11,11,16,16,7,14,2,3,0,2,2,6,13,5,4,8,1,0,1,1,1,16,2,17,1,1,1,0,0,0,1,1,0,0,1,1,0,0,1,1,0,0,1,1,0,0,0,1,0,0,0,1,1,3,4,1,0,0
3000008,10,13,14,15,9,3,5,19,2,3,0,3,2,6,16,5,4,8,0,1,1,1,1,16,2,3,1,1,0,0,0,0,0,1,0,0,0,0,0,0,1,3,3,3,3,3,3,3,3,4,3,3,3,4,1,3,4,1,0,0
3000008,11,4,2,4,8,1,11,9,2,5,0,2,1,6,16,5,4,8,0,1,1,1,1,1,2,17,0,1,1,0,0,0,0,1,1,1,1,1,1,0,1,1,0,0,0,0,0,0,0,2,0,0,1,1,1,2,3,1,1,1
3000008,12,5,12,15,9,11,0,3,2,3,0,2,1,6,16,5,4,8,1,0,0,1,1,16,2,17,1,1,1,0,0,0,1,2,1,0,0,0,0,0,1,0,3,3,3,3,3,3,3,4,3,3,3,4,1,3,4,1,0,0
3000008,13,17,2,14,7,14,8,0,0,1,0,2,3,6,18,5,4,8,1,0,1,1,1,7,2,17,0,1,1,1,1,1,1,1,1,1,1,1,1,1,1,1,1,0,1,1,1,1,1,2,1,1,1,1,1,2,4,1,0,0
3000008,14,3,1,9,0,15,14,3,2,3,0,2,0,6,16,5,4,8,0,1,1,1,1,16,2,17,1,1,1,0,0,1,1,1,1,0,1,1,0,0,4,3,3,3,3,3,3,3,3,4,3,3,3,4,1,3,7,1,0,0
3000008,15,2,5,9,12,2,15,6,2,3,0,2,8,6,16,5,4,8,1,0,1,1,1,16,2,17,1,1,1,0,1,0,0,1,0,1,1,0,0,0,2,0,3,3,3,3,3,3,3,4,3,3,3,4,1,3,4,1,0,0
3000008,16,19,2,12,15,12,11,12,6,4,0,2,2,6,16,5,4,8,1,1,1,1,1,15,2,17,0,1,1,0,0,0,0,0,3,3,3,3,3,3,4,3,3,3,3,3,3,3,3,4,3,3,3,4,1,2,4,1,0,0
3000009,1,6,9,4,16,1,0,11,3,3,0,2,5,6,16,5,4,8,1,1,1,1,1,16,2,17,1,1,1,0,0,0,0,0,0,0,0,0,0,0,1,0,0,0,0,0,0,0,0,1,0,0,0,4,1,3,3,1,1,0
3000009,2,3,9,4,8,1,11,16,2,3,0,2,2,6,16,5,4,8,1,1,1,1,1,16,2,17,1,1,1,3,3,3,3,3,3,3,3,3,3,3,4,3,3,3,3,3,3,3,3,4,3,3,3,4,1,2,3,1,1,1
3000009,3,11,9,1,9,8,6,15,5,3,0,2,11,6,16,5,4,8,1,1,1,1,1,16,2,17,1,1,1,0,0,0,0,0,0,0,0,0,0,0,1,0,3,3,3,3,3,3,3,4,3,3,3,4,1,3,4,1,0,0
3000009,4,11,9,4,8,1,11,0,5,3,0,2,5,6,16,5,4,8,1,1,1,1,1,16,2,17,1,1,1,0,0,0,0,0,0,0,0,0,0,0,1,3,3,3,3,3,3,3,3,4,3,3,3,4,1,2,3,1,1,1
3000009,5,1,6,6,8,0,11,14,2,4,0,2,4,6,16,5,4,8,1,1,1,1,1,4,2,17,0,1,1,0,0,0,0,0,0,0,0,0,0,0,1,3,3,3,3,3,3,3,3,4,3,3,3,4,1,2,3,1,0,1
3000009,6,19,9,17,8,8,11,9,2,3,0,2,4,6,16,5,4,8,1,1,1,1,1,16,2,17,1,1,1,0,0,3,3,3,3,3,3,3,3,3,4,3,3,3,3,3,3,3,3,4,3,3,3,4,1,2,3,1,0,1
3000010,1,16,11,4,8,1,11,8,2,2,0,1,4,6,16,5,4,8,1,1,1,1,1,7,16,2,0,0,0,0,3,3,3,3,3,3,3,3,3,3,4,3,3,3,3,3,3,3,3,4,3,3,3,4,1,2,4,1,1,1
3000010,2,16,7,1,13,4,9,7,2,3,0,2,4,6,18,5,4,8,1,0,0,0,0,16,2,17,1,1,1,3,3,3,3,3,3,3,3,3,3,3,3,1,1,1,1,0,1,0,0,2,1,1,1,2,1,4,4,1,0,0
3000010,3,16,4,17,16,9,1,10,2,3,0,2,4,6,16,5,4,8,0,1,0,0,0,16,2,17,1,1,1,3,3,3,3,3,3,3,3,3,3,3,4,3,3,3,3,3,3,3,3,4,3,3,3,4,1,3,3,1,0,0
3000010,4,6,9,0,1,10,4,14,0,5,0,2,0,6,16,5,4,8,1,1,1,1,1,3,2,17,0,1,1,0,0,0,0,0,0,0,0,0,0,0,1,0,0,0,0,0,0,0,0,1,0,0,0,1,1,2,3,1,0,0
3000010,5,12,9,4,8,1,11,16,4,4,0,2,2,6,16,5,4,8,1,1,1,1,1,5,2,17,0,1,1,3,3,3,3,3,3,3,3,3,3,3,4,3,3,3,3,3,3,3,3,4,3,3,3,4,1,2,3,1,1,1
3000011,1,17,10,14,7,14,8,8,4,5,0,2,7,6,16,5,4,8,1,1,1,1,1,6,2,17,0,1,1,0,0,0,0,0,0,0,0,0,0,0,1,0,0,0,0,0,0,0,0,1,0,0,0,1,1,2,3,1,0,0
3000011,2,9,6,11,8,8,11,1,5,4,0,2,7,6,16,5,4,8,1,1,1,1,1,11,2,17,0,1,1,0,0,0,0,0,0,0,0,0,0,0,4,3,3,3,3,3,3,3,3,4,3,3,3,4,1,2,3,1,0,1
3000012,1,1,5,9,0,7,15,10,2,3,0,2,0,6,16,5,4,8,1,1,1,1,1,16,2,17,1,1,1,0,0,0,0,0,0,0,0,0,0,0,4,3,3,3,3,3,3,3,3,4,3,3,3,4,1,3,4,1,0,0
3000012,2,7,2,16,15,12,11,12,1,4,0,2,0,6,16,5,4,8,1,1,1,1,1,7,2,17,0,1,1,0,0,0,0,0,0,3,3,3,3,3,4,3,3,3,3,3,3,3,3,4,3,3,3,4,1,2,4,1,0,0
3000012,3,19,5,4,3,7,15,13,2,3,0,2,6,6,16,5,4,8,1,1,1,1,1,16,2,17,1,1,1,0,3,3,3,3,3,3,3,3,3,3,4,3,3,3,3,3,3,3,3,4,3,3,3,4,1,3,5,1,0,0
3000012,4,19,5,4,3,7,15,5,2,3,0,2,6,6,16,5,4,8,1,1,1,1,1,16,2,17,1,1,1,3,3,3,3,3,3,3,3,3,3,3,4,3,3,3,3,3,3,3,3,4,3,3,3,4,1,3,5,1,0,0
3000012,5,19,5,4,3,7,15,18,2,3,0,2,6,6,16,5,4,8,1,1,1,1,1,16,2,17,1,1,1,3,3,3,3,3,3,3,3,3,3,3,4,3,3,3,3,3,3,3,3,4,3,3,3,4,1,3,5,1,0,0
3000012,6,19,5,4,8,7,11,4,2,3,0,2,6,6,16,5,4,8,1,1,1,1,1,6,2,17,0,1,1,0,3,3,3,3,3,3,3,3,3,3,4,3,3,3,3,3,3,3,3,4,3,3,3,4,1,2,5,1,0,1
3000012,7,19,10,4,8,7,15,6,5,3,0,2,6,6,16,5,4,8,1,1,1,1,1,16,2,17,1,1,1,0,3,3,3,3,3,3,3,3,3,3,4,3,3,3,3,3,3,3,3,4,3,3,3,4,1,3,4,1,0,0
3000012,8,12,0,4,3,7,15,5,2,3,0,2,6,6,16,5,4,8,1,1,1,1,1,16,2,17,1,1,1,0,3,3,3,3,3,3,3,3,3,3,4,3,3,3,3,3,3,3,3,4,3,3,3,4,1,3,5,1,0,0
3000012,9,12,0,4,3,7,15,18,2,3,0,2,6,6,16,5,4,8,1,1,1,1,1,16,2,17,1,1,1,0,3,3,3,3,3,3,3,3,3,3,4,3,3,3,3,3,3,3,3,4,3,3,3,4,1,3,5,1,0,0
3000012,10,12,9,4,3,7,15,18,3,3,0,2,6,6,16,5,4,8,1,1,1,1,1,16,2,17,1,1,1,0,3,3,3,3,3,3,3,3,3,3,4,3,3,3,3,3,3,3,3,4,3,3,3,4,1,3,4,1,0,0
3000012,11,12,0,4,3,7,15,13,2,3,0,2,6,6,16,5,4,8,1,1,1,1,1,16,2,17,1,1,1,3,3,3,3,3,3,3,3,3,3,3,4,3,3,3,3,3,3,3,3,4,3,3,3,4,1,3,5,1,0,0
3000012,12,12,0,4,8,7,15,18,2,3,0,2,6,6,16,5,4,8,1,1,1,1,1,16,2,17,1,1,1,3,3,3,3,3,3,3,3,3,3,3,4,3,3,3,3,3,3,3,3,4,3,3,3,4,1,3,5,1,0,0
3000012,13,12,0,4,3,7,2,13,2,3,0,2,6,6,16,5,4,8,1,1,1,1,1,16,2,17,1,1,1,0,3,3,3,3,3,3,3,3,3,3,4,3,3,3,3,3,3,3,3,4,3,3,3,4,1,3,5,1,0,0
3000012,14,12,0,4,3,7,2,18,2,3,0,2,6,6,16,5,4,8,1,1,1,1,1,16,2,17,1,1,1,0,3,3,3,3,3,3,3,3,3,3,4,3,3,3,3,3,3,3,3,4,3,3,3,4,1,3,5,1,0,0
3000012,15,12,6,3,8,1,11,3,5,4,0,2,6,6,16,5,4,8,1,1,1,1,1,11,2,17,0,1,1,0,3,3,3,3,3,3,3,3,3,3,4,3,3,3,3,3,3,3,3,4,3,3,3,4,1,2,4,1,0,1
3000013,1,16,4,12,7,4,13,12,2,3,0,1,2,6,16,5,4,8,1,0,0,1,0,16,2,10,1,1,0,3,3,3,3,3,3,3,3,3,3,3,4,3,3,3,3,3,3,3,3,4,3,3,3,4,1,4,4,1,0,0
3000013,2,16,7,12,15,4,9,12,2,3,0,2,2,6,16,5,4,8,1,1,0,0,0,16,2,17,1,1,1,0,0,0,0,0,0,0,2,3,3,2,4,0,0,2,0,0,0,3,3,4,3,3,3,4,1,3,4,1,0,0
3000013,3,16,14,4,8,1,11,18,2,3,0,2,2,6,16,5,4,8,1,1,1,1,1,16,2,17,1,1,1,0,3,3,3,3,3,3,3,3,3,3,4,3,3,3,3,3,3,3,3,4,3,3,3,4,1,3,3,1,1,1
3000013,4,6,13,11,13,15,6,8,2,3,0,2,7,6,16,5,4,8,1,1,1,1,1,16,2,17,1,1,1,0,0,0,0,0,0,0,0,0,0,0,1,0,0,0,0,0,0,0,0,1,0,0,0,1,1,3,4,1,0,0
3000013,5,6,2,14,7,1,11,14,2,3,0,2,1,6,16,5,4,8,1,1,1,1,1,9,5,4,0,0,0,0,0,0,0,0,0,0,0,0,0,0,1,0,0,0,0,0,0,0,0,1,0,0,0,1,1,2,3,1,0,0
3000013,6,17,3,16,15,15,14,12,2,3,0,2,13,6,16,5,4,8,1,0,1,1,1,16,2,17,1,1,1,0,0,0,0,0,0,0,0,0,0,0,1,1,0,0,0,0,3,3,3,4,3,3,3,4,1,3,4,1,0,0
3000013,7,17,1,4,8,1,11,14,2,3,0,2,2,6,16,5,4,8,1,1,1,1,1,9,5,4,0,0,0,0,0,0,3,3,3,3,3,3,3,3,4,3,3,3,3,3,3,3,3,4,3,3,3,4,1,2,6,1,1,1
3000013,8,17,9,6,1,0,4,13,2,3,0,2,11,6,16,5,4,8,1,1,1,1,1,15,2,17,0,1,1,0,0,0,0,0,0,0,0,0,0,0,1,0,0,0,0,0,0,0,0,1,0,0,0,1,1,2,3,1,0,0
3000014,1,6,14,17,6,16,5,14,2,3,0,2,7,6,16,5,4,8,1,1,1,1,1,9,5,4,0,0,0,0,0,0,0,0,3,3,3,3,3,3,4,3,3,3,3,3,3,3,3,4,3,3,3,4,1,3,3,1,0,0
3000015,1,1,16,14,7,10,8,19,6,4,0,2,1,6,16,5,4,8,1,1,1,1,1,17,2,17,0,1,1,0,0,0,0,0,0,0,0,0,0,0,1,0,0,3,3,3,3,3,3,4,3,3,3,4,1,2,3,1,0,0
3000015,2,7,2,13,0,1,11,16,3,4,0,2,3,6,16,5,4,8,1,1,1,1,1,12,2,17,0,1,1,0,0,0,0,0,0,0,0,3,3,3,4,3,3,3,3,3,3,3,3,4,3,3,3,4,1,2,4,1,0,0
3000016,1,15,11,10,13,3,5,11,2,3,0,2,2,6,16,5,4,8,1,1,1,1,1,16,2,17,1,1,1,0,0,0,0,0,0,0,0,0,0,0,1,0,0,0,0,0,0,0,0,1,0,0,0,1,1,3,4,1,0,0
3000016,2,15,11,17,13,9,5,19,2,3,0,2,9,6,16,5,4,8,1,1,1,1,1,16,2,17,1,1,1,0,0,0,0,0,0,0,0,0,0,0,1,0,0,0,0,0,0,0,0,1,0,0,0,1,1,3,3,1,0,0
3000016,3,15,17,13,0,9,1,19,2,3,0,2,2,6,16,5,4,8,1,1,1,1,1,16,2,17,1,1,1,0,0,0,0,0,0,0,3,3,3,3,4,3,3,3,3,3,3,3,3,4,3,3,3,4,1,3,4,1,0,0
3000016,4,14,17,8,11,9,13,6,2,3,0,2,2,6,16,5,4,8,1,1,1,1,1,16,2,17,1,1,1,0,0,0,0,0,0,0,3,3,3,3,4,3,3,3,3,3,3,3,3,4,3,3,3,4,1,3,4,1,0,0
3000016,5,10,14,16,9,13,3,10,2,3,0,2,2,6,16,5,4,8,1,1,1,1,1,16,2,17,1,1,1,0,0,0,0,0,0,0,0,0,0,0,1,0,3,3,3,3,3,3,3,4,3,3,3,4,1,3,4,1,0,0
3000016,6,13,14,2,14,5,10,11,2,3,0,2,7,6,16,5,4,8,1,1,1,1,1,16,2,17,1,1,1,0,0,0,0,0,0,0,0,0,0,3,4,3,3,3,3,3,3,3,3,4,3,3,3,4,1,3,4,1,0,0
3000016,7,13,11,11,13,15,14,11,2,3,0,2,1,6,16,5,4,8,1,1,1,1,1,16,2,17,1,1,1,0,0,0,0,0,0,0,3,3,3,3,4,3,3,3,3,3,3,3,3,4,3,3,3,4,1,3,4,1,0,0
3000016,8,6,11,2,14,16,7,14,2,3,0,2,1,6,16,5,4,8,1,1,1,1,1,16,2,17,1,1,1,0,0,0,0,0,0,0,0,0,0,0,1,0,0,0,0,0,0,0,0,1,0,0,0,1,1,3,4,1,0,0
3000016,9,18,10,0,7,12,11,19,6,4,0,2,5,6,16,5,4,8,1,1,1,1,1,6,2,17,0,1,1,0,0,0,0,0,0,0,0,0,0,0,1,0,0,0,0,0,0,0,0,1,0,0,0,1,1,2,3,1,0,0
3000016,10,18,10,4,8,1,11,0,2,3,0,2,9,6,16,5,4,8,1,1,1,1,1,16,2,17,0,1,1,0,0,0,0,0,0,0,0,0,0,0,1,0,0,0,0,0,0,0,0,1,0,0,0,1,1,2,3,1,1,1
3000016,11,4,6,9,0,16,12,19,1,3,0,2,8,6,16,5,4,8,1,1,1,1,1,16,2,17,1,1,1,0,0,0,0,0,0,0,0,0,0,3,4,3,3,3,3,3,3,3,3,4,3,3,3,4,1,3,4,1,0,0
3000016,12,5,16,4,8,1,11,14,2,5,0,2,1,6,16,5,4,8,1,1,1,1,1,7,2,17,0,1,1,0,0,0,0,0,0,0,0,0,0,0,1,0,0,0,0,0,0,0,0,1,0,0,0,1,1,2,3,1,1,1
3000016,13,5,3,2,14,15,14,7,2,3,0,2,13,6,16,5,4,8,1,1,1,1,1,16,2,17,1,1,1,0,0,0,0,0,0,0,0,0,0,0,1,0,0,0,0,0,0,0,0,1,0,0,0,1,1,3,4,1,0,0
3000016,14,9,2,11,8,14,11,14,0,5,0,2,13,6,16,5,4,8,1,1,1,1,1,11,2,17,0,1,1,0,0,0,0,0,0,0,0,0,0,3,4,3,3,3,3,3,3,3,3,4,3,3,3,4,1,2,4,1,0,1
3000016,15,7,2,17,14,8,8,16,1,2,0,2,2,6,16,5,4,8,1,1,1,1,1,11,2,17,0,1,1,0,0,0,0,0,0,3,3,3,3,3,4,3,3,3,3,3,3,3,3,4,3,3,3,4,1,2,4,1,0,0
3000017,1,18,8,2,10,16,12,8,2,3,0,2,2,6,16,5,4,8,1,1,1,1,1,16,2,17,1,1,1,0,0,0,0,0,0,0,0,0,0,0,1,0,0,3,3,3,3,3,3,4,3,3,3,4,1,3,4,1,0,0
3000017,2,4,11,2,14,11,0,19,2,3,0,2,3,6,16,5,4,8,1,1,1,1,1,16,2,17,1,1,1,0,0,0,0,0,0,0,0,0,0,0,1,0,0,3,3,3,3,3,3,4,3,3,3,4,1,3,3,1,0,0
3000017,3,5,11,10,13,8,8,14,4,3,0,2,11,6,16,5,4,8,1,1,1,1,1,16,2,17,1,1,1,0,0,0,0,0,0,0,0,0,0,0,1,0,3,3,3,3,3,3,3,4,3,3,3,4,1,3,4,1,0,0
3000017,4,5,12,4,8,1,11,4,2,3,0,2,1,6,16,5,4,8,1,1,1,1,1,9,5,4,0,0,0,0,0,0,0,0,0,0,0,0,0,0,1,0,0,0,3,3,3,3,3,4,3,3,3,4,1,3,3,1,1,1
3000017,5,17,11,8,11,16,12,1,2,3,0,2,7,6,16,5,4,8,1,1,1,1,1,16,2,17,1,1,1,0,0,0,0,0,0,3,3,3,3,3,4,3,3,3,3,3,3,3,3,4,3,3,3,4,1,3,3,1,0,0
3000017,6,17,12,15,9,11,0,10,2,3,0,2,3,6,16,5,4,8,1,1,1,1,1,16,2,17,1,1,1,0,0,0,0,0,0,0,0,3,3,3,4,3,3,3,3,3,3,3,3,4,3,3,3,4,1,3,4,1,0,0
3000017,7,3,17,2,14,7,2,0,2,3,0,2,1,6,16,5,4,8,1,1,1,1,1,16,2,17,1,1,1,0,0,0,0,0,0,0,0,0,3,3,4,3,3,3,3,3,3,3,3,4,3,3,3,4,1,3,4,1,0,0
3000017,8,2,13,9,0,2,6,14,2,3,0,2,8,6,16,5,4,8,1,1,1,1,1,16,2,17,1,1,1,0,0,0,0,0,0,0,0,0,0,0,4,3,3,3,3,3,3,3,3,4,3,3,3,4,1,3,4,1,0,0
3000017,9,7,5,8,11,7,15,19,2,3,0,2,0,6,16,5,4,8,1,1,1,1,1,16,2,17,1,1,1,0,0,0,0,0,3,3,3,3,3,3,4,3,3,3,3,3,3,3,3,4,3,3,3,4,1,3,4,1,0,0
3000017,10,19,9,4,8,1,11,12,2,3,0,2,5,6,16,5,4,8,1,1,1,1,1,16,2,17,1,1,1,0,0,0,3,3,3,3,3,3,3,3,4,3,3,3,3,3,3,3,3,4,3,3,3,4,1,2,3,1,1,1
3000017,11,19,2,3,5,7,2,1,2,3,0,2,3,6,16,5,4,8,1,1,1,1,1,16,2,17,1,1,1,0,0,0,3,3,3,3,3,3,3,3,4,3,3,3,3,3,3,3,3,4,3,3,3,4,1,3,4,1,0,0
3000018,1,16,7,10,13,9,1,1,2,3,0,2,2,6,16,5,4,8,1,1,1,1,1,16,2,17,1,1,1,0,0,0,0,0,0,0,0,0,0,0,1,0,0,0,0,0,0,0,0,1,0,0,0,1,1,3,4,1,0,0
3000018,2,16,7,3,5,4,9,18,2,3,0,2,2,6,16,5,4,8,1,1,1,1,1,16,2,17,1,1,1,0,0,0,0,0,3,3,3,3,3,3,4,3,3,3,3,3,3,3,3,4,3,3,3,4,1,3,4,1,0,0
3000018,3,15,7,8,11,9,1,13,2,3,0,2,2,6,16,5,4,8,1,1,1,1,1,16,2,17,1,1,1,0,0,0,3,3,3,3,3,3,3,3,4,3,3,3,3,3,3,3,3,4,3,3,3,4,1,3,4,1,0,0
3000018,4,10,16,4,8,1,11,14,2,3,0,2,2,6,16,5,4,8,1,1,1,1,1,9,5,4,0,0,0,0,0,0,0,0,0,0,0,0,0,0,1,0,0,0,0,0,0,0,0,1,0,0,0,1,1,2,3,1,1,1
3000018,5,5,16,4,8,1,11,14,2,2,0,2,2,6,16,5,4,8,1,1,1,1,1,9,5,4,0,0,0,3,3,3,3,3,3,3,3,3,3,3,4,3,3,3,3,3,3,3,3,4,3,3,3,4,4,2,1,1,1,1
3000018,6,9,6,9,0,1,11,17,3,3,0,2,13,6,16,5,4,8,1,1,1,1,1,5,2,17,0,1,1,0,0,0,0,0,0,0,0,0,3,3,4,3,3,3,3,3,3,3,3,4,3,3,3,4,1,2,4,1,0,0
3000018,7,7,1,4,8,1,11,14,2,3,0,2,2,6,16,5,4,8,1,1,1,1,1,9,5,4,0,0,0,0,0,3,3,3,3,3,3,3,3,3,4,3,3,3,3,3,3,3,3,4,3,3,3,4,1,2,6,1,1,1
3000018,8,12,2,3,5,1,11,8,2,3,0,2,3,6,16,5,4,8,1,1,1,1,1,16,2,17,1,1,1,0,0,3,3,3,3,3,3,3,3,3,4,3,3,3,3,3,3,3,3,4,3,3,3,4,1,2,3,1,0,0
3000018,9,12,16,12,8,8,11,11,0,5,0,2,13,6,16,5,4,8,1,1,1,1,1,6,2,17,0,1,1,3,3,3,3,3,3,3,3,3,3,3,4,3,3,3,3,3,3,3,3,4,3,3,3,4,1,2,4,1,0,1
3000019,1,16,4,11,13,9,1,6,2,3,0,2,2,6,16,5,4,8,0,1,0,0,0,16,2,17,1,1,1,3,3,3,3,3,3,3,3,3,3,3,4,3,3,3,3,3,3,3,3,4,3,3,3,4,1,3,3,1,0,0
3000019,2,5,16,4,16,1,2,14,2,3,0,2,9,6,16,5,4,8,1,1,1,1,1,9,5,4,0,0,0,0,0,0,0,0,0,0,0,0,0,0,1,0,0,0,0,0,0,0,0,1,0,0,0,1,1,3,3,1,1,0
3000019,3,3,13,14,15,14,6,9,2,3,0,2,8,6,16,5,4,8,1,1,1,1,1,16,2,17,1,1,1,0,0,0,0,0,0,0,0,0,0,0,1,0,0,0,0,0,0,3,3,4,3,3,3,4,1,3,4,1,0,0
3000019,4,1,2,14,8,10,11,0,0,1,0,2,13,6,16,5,4,8,1,1,1,1,1,11,2,17,0,1,1,0,0,0,0,0,0,0,0,0,0,0,4,3,3,3,3,3,3,3,3,4,3,3,3,4,1,2,4,1,0,1
3000019,5,7,0,11,8,14,11,11,4,5,0,2,13,6,16,5,4,8,1,1,1,1,1,18,2,17,0,1,1,0,0,0,0,0,3,3,3,3,3,3,4,3,3,3,3,3,3,3,3,4,3,3,3,4,1,2,4,1,0,1
3000019,6,19,9,6,8,0,11,2,5,1,0,2,2,6,16,5,4,8,1,1,1,1,1,15,2,17,0,1,1,0,0,0,0,3,3,3,3,3,3,3,4,3,3,3,3,3,3,3,3,4,3,3,3,4,1,2,0,1,0,1
3000020,1,15,2,11,8,13,11,16,2,2,0,2,8,6,16,5,4,14,0,1,0,0,0,19,2,17,0,1,1,3,3,3,3,3,3,3,3,3,3,3,4,3,3,3,3,3,3,3,3,4,3,3,3,4,1,2,4,1,0,1
3000021,1,3,1,16,9,15,14,12,2,3,0,2,13,6,16,5,4,8,1,1,1,1,1,16,2,17,1,1,1,0,0,0,0,0,0,0,0,0,0,0,1,0,3,3,3,3,3,3,3,4,3,3,3,4,1,3,7,1,0,0
3000021,2,7,10,16,9,12,11,12,1,4,0,2,13,6,16,5,4,8,1,1,1,1,1,19,2,17,0,1,1,0,0,0,0,0,0,0,3,3,3,3,4,3,3,3,3,3,3,3,3,4,3,3,3,4,1,2,4,1,0,0
3000021,3,19,10,2,14,8,8,16,1,2,0,2,2,6,16,5,4,8,1,1,1,1,1,11,2,17,0,1,1,0,0,0,0,0,3,3,3,3,3,3,4,3,3,3,3,3,3,3,3,4,3,3,3,4,1,2,4,1,0,0
3000021,4,12,6,0,1,0,4,19,2,3,0,2,2,6,16,5,4,8,1,1,1,1,1,16,2,17,0,1,1,0,3,3,3,3,3,3,3,3,3,3,4,3,3,3,3,3,3,3,3,4,3,3,3,4,1,2,3,1,0,0
3000022,1,9,0,12,15,12,11,10,1,3,0,2,11,6,16,5,4,8,1,1,1,1,1,16,2,17,0,1,1,0,0,0,0,0,0,0,0,0,3,3,4,3,3,3,3,3,3,3,3,4,3,3,3,4,1,2,4,1,0,0
3000022,2,12,2,14,8,10,11,14,3,5,0,2,3,6,16,5,4,8,1,1,1,1,1,3,2,17,0,1,1,0,3,3,3,3,3,3,3,3,3,3,4,3,3,3,3,3,3,3,3,4,3,3,3,4,1,2,4,1,0,1
3000023,1,5,17,9,0,16,12,12,2,3,0,2,3,6,16,5,4,8,1,1,1,1,1,16,2,17,1,1,1,0,0,0,0,0,0,0,0,0,0,0,4,3,3,3,3,3,3,3,3,4,3,3,3,4,1,3,4,1,0,0
3000023,2,2,13,9,0,2,6,10,2,3,0,2,0,6,16,5,4,8,1,1,1,1,1,16,2,17,1,1,1,0,0,0,0,0,0,0,0,0,0,0,4,3,3,3,3,3,3,3,3,4,3,3,3,4,1,3,4,1,0,0
3000024,1,4,11,15,9,5,7,3,2,3,0,2,7,6,16,5,4,8,1,1,1,1,1,16,2,17,1,1,1,0,0,0,0,0,0,0,0,0,0,0,1,0,3,3,3,3,3,3,3,4,3,3,3,4,1,3,4,1,0,0
3000024,2,4,8,8,6,5,7,6,2,3,0,2,7,6,16,5,4,8,1,1,1,1,1,16,2,17,1,1,1,0,0,0,0,0,0,0,3,3,3,3,4,3,3,3,3,3,3,3,3,4,3,3,3,4,1,3,4,1,0,0
3000024,3,5,9,9,12,11,0,12,1,3,0,2,5,6,16,5,4,8,1,1,1,1,1,16,2,17,1,1,1,0,0,0,0,0,0,0,0,0,0,0,1,3,3,3,3,3,3,3,3,4,3,3,3,4,1,3,4,1,0,0
3000024,4,3,13,1,15,12,6,4,2,3,0,2,4,6,16,5,4,8,1,1,1,1,1,9,5,4,0,0,0,0,0,0,0,0,0,0,0,0,0,0,1,0,0,0,0,0,0,3,3,4,3,3,3,4,1,3,3,1,0,0
